fid,NDVI
"1",0.51755089
"2",0.42161658
"3",0.37474394
"4",0.36227435
"5",0.40452
"6",0.5087257
"7",0.37450939
"8",0.30859783
"9",0.3023403
"10",0.411823
"11",0.3359845
"12",0.33656996
"13",0.43635085
"14",0.37551227
"15",0.38222182
"16",0.44757724
"17",0.40002871
"18",0.41449726
"19",0.58669156
"20",0.54981929
"21",0.48971128
"22",0.43471056
"23",0.40591937
"24",0.4459776
"25",0.52906746
"26",0.55510122
"27",0.51238233
"28",0.44410133
"29",0.36831811
"30",0.3261568
"31",0.3570852
"32",0.46914053
"33",0.42151189
"34",0.40782022
"35",0.4660157
"36",0.52980345
"37",0.51091784
"38",0.47676387
"39",0.45233804
"40",0.41881192
"41",0.40859821
"42",0.42475531
"43",0.48194367
"44",0.45725924
"45",0.40618926
"46",0.41035348
"47",0.47716007
"48",0.51293695
"49",0.49147439
"50",0.50399244
"51",0.51662737
"52",0.50275409
"53",0.50225979
"54",0.51544476
"55",0.50244117
"56",0.43689951
"57",0.38759962
"58",0.42837453
"59",0.49412155
"60",0.48118716
"61",0.44937783
"62",0.4915491
"63",0.5306527
"64",0.49830276
"65",0.43069234
"66",0.41118959
"67",0.46935904
"68",0.50442946
"69",0.44718599
"70",0.41760591
"71",0.48173121
"72",0.46053299
"73",0.43150637
"74",0.4517132
"75",0.50423187
"76",0.49576995
"77",0.42199874
"78",0.41708204
"79",0.50002545
"80",0.44717345
"81",0.44085994
"82",0.44439656
"83",0.41767547
"84",0.42189005
"85",0.43142462
"86",0.4830265
"87",0.52143407
"88",0.47025144
"89",0.39747947
"90",0.4201093
"91",0.43041086
"92",0.3638483
"93",0.36269879
"94",0.36192107
"95",0.3401846
"96",0.34679821
"97",0.40939012
"98",0.42346621
"99",0.43557361
"100",0.49224102
"101",0.51480836
"102",0.44098508
"103",0.38546184
"104",0.49548396
"105",0.38662115
"106",0.31309539
"107",0.3232263
"108",0.37780666
"109",0.40392309
"110",0.42907122
"111",0.48204905
"112",0.5048762
"113",0.64267188
"114",0.62843817
"115",0.57388556
"116",0.45263287
"117",0.43632719
"118",0.47645429
"119",0.48282358
"120",0.41028064
"121",0.38408667
"122",0.49250576
"123",0.38347557
"124",0.30821294
"125",0.32376215
"126",0.43511131
"127",0.51808888
"128",0.55422246
"129",0.57054323
"130",0.55142975
"131",0.54638755
"132",0.58766884
"133",0.63799393
"134",0.61499441
"135",0.58214188
"136",0.55200201
"137",0.53807598
"138",0.54362911
"139",0.56495082
"140",0.5368914
"141",0.47904593
"142",0.43881652
"143",0.45854118
"144",0.4498336
"145",0.38528278
"146",0.38905603
"147",0.39455557
"148",0.33364561
"149",0.32854137
"150",0.40439191
"151",0.49257937
"152",0.54227012
"153",0.5497539
"154",0.52640575
"155",0.53072041
"156",0.57043165
"157",0.6261856
"158",0.5950473
"159",0.55048102
"160",0.52823484
"161",0.52746332
"162",0.54310769
"163",0.5446685
"164",0.48878053
"165",0.43925229
"166",0.44911483
"167",0.43348524
"168",0.37670889
"169",0.40397754
"170",0.43193388
"171",0.37461522
"172",0.34584713
"173",0.36602619
"174",0.42608863
"175",0.47324008
"176",0.47555238
"177",0.46334249
"178",0.49785432
"179",0.58221728
"180",0.49133313
"181",0.45756313
"182",0.47973144
"183",0.51359242
"184",0.54097533
"185",0.48846737
"186",0.44777265
"187",0.46966329
"188",0.44443348
"189",0.3754513
"190",0.41333196
"191",0.50061738
"192",0.42604262
"193",0.38503179
"194",0.39036778
"195",0.41930822
"196",0.43743587
"197",0.42709115
"198",0.4275935
"199",0.48554426
"200",0.62865686
"201",0.52136457
"202",0.4034487
"203",0.40915161
"204",0.47865239
"205",0.53233862
"206",0.48003232
"207",0.46091855
"208",0.50187439
"209",0.47124621
"210",0.38361865
"211",0.40893322
"212",0.49959445
"213",0.45911375
"214",0.45284149
"215",0.44142887
"216",0.41822517
"217",0.40603957
"218",0.42441428
"219",0.49158025
"220",0.60171241
"221",0.47235972
"222",0.38116926
"223",0.43784153
"224",0.52481234
"225",0.46462002
"226",0.4598617
"227",0.51470274
"228",0.49650973
"229",0.40201849
"230",0.40149304
"231",0.41838297
"232",0.39976993
"233",0.4311839
"234",0.56469834
"235",0.44735688
"236",0.39274228
"237",0.50770843
"238",0.44847798
"239",0.46303678
"240",0.52438712
"241",0.51844674
"242",0.43911335
"243",0.4231821
"244",0.49238595
"245",0.4842369
"246",0.42571247
"247",0.40225413
"248",0.43299633
"249",0.61064094
"250",0.53551859
"251",0.44374678
"252",0.41764504
"253",0.53910857
"254",0.47814977
"255",0.44042858
"256",0.48121545
"257",0.54231584
"258",0.54425734
"259",0.47855306
"260",0.4435437
"261",0.51870602
"262",0.46720928
"263",0.42593345
"264",0.42248076
"265",0.46249321
"266",0.43764836
"267",0.41110811
"268",0.40169382
"269",0.41856244
"270",0.55674464
"271",0.56552494
"272",0.50909448
"273",0.454382
"274",0.45359638
"275",0.50754684
"276",0.4448618
"277",0.44732207
"278",0.50837851
"279",0.55310112
"280",0.56034142
"281",0.50241989
"282",0.44231138
"283",0.46728575
"284",0.518852
"285",0.46707678
"286",0.4176608
"287",0.41125473
"288",0.43160015
"289",0.45347786
"290",0.37923315
"291",0.38359067
"292",0.39719722
"293",0.39603901
"294",0.40898502
"295",0.4450998
"296",0.49364877
"297",0.52567345
"298",0.50657988
"299",0.47235852
"300",0.48672009
"301",0.51993328
"302",0.46242461
"303",0.43031684
"304",0.47452384
"305",0.52149391
"306",0.52104384
"307",0.53980023
"308",0.52476722
"309",0.46280351
"310",0.45228764
"311",0.51343316
"312",0.46993583
"313",0.4254249
"314",0.42857224
"315",0.47817263
"316",0.49246684
"317",0.45433113
"318",0.46577367
"319",0.41732281
"320",0.36291626
"321",0.37145254
"322",0.39701882
"323",0.39024523
"324",0.39140269
"325",0.43131456
"326",0.48781237
"327",0.53143328
"328",0.51761478
"329",0.48250693
"330",0.52112722
"331",0.6045621
"332",0.64451963
"333",0.6456843
"334",0.65180928
"335",0.65643263
"336",0.63009173
"337",0.45791647
"338",0.45143744
"339",0.47849962
"340",0.49240893
"341",0.48274723
"342",0.45652369
"343",0.43188906
"344",0.45257428
"345",0.48685059
"346",0.45361111
"347",0.3931379
"348",0.432612
"349",0.50756854
"350",0.48823875
"351",0.44781321
"352",0.45905095
"353",0.46292949
"354",0.43022761
"355",0.4261888
"356",0.48569444
"357",0.5571112
"358",0.54213971
"359",0.44766697
"360",0.42941219
"361",0.48573223
"362",0.39912108
"363",0.3439683
"364",0.35004756
"365",0.37696829
"366",0.38658607
"367",0.40346208
"368",0.45568499
"369",0.51236147
"370",0.51888597
"371",0.47286731
"372",0.47122443
"373",0.54526424
"374",0.61035424
"375",0.63489127
"376",0.63971484
"377",0.6432054
"378",0.64692086
"379",0.64323968
"380",0.63562095
"381",0.61873883
"382",0.43620813
"383",0.40900746
"384",0.42730942
"385",0.43549728
"386",0.4157775
"387",0.40932763
"388",0.44454187
"389",0.48631623
"390",0.44407859
"391",0.33436608
"392",0.29488462
"393",0.38529068
"394",0.50349581
"395",0.51217973
"396",0.45334437
"397",0.43357572
"398",0.43059519
"399",0.4258039
"400",0.467179
"401",0.53886825
"402",0.58275306
"403",0.53246975
"404",0.41559604
"405",0.40819424
"406",0.49182659
"407",0.41453713
"408",0.34323743
"409",0.30088475
"410",0.30120718
"411",0.32551429
"412",0.35412484
"413",0.3887215
"414",0.44202513
"415",0.46369022
"416",0.41481838
"417",0.34924367
"418",0.34754801
"419",0.39669123
"420",0.45687094
"421",0.52509141
"422",0.57758754
"423",0.61261183
"424",0.63263685
"425",0.63105458
"426",0.61665523
"427",0.59874648
"428",0.46298519
"429",0.42056891
"430",0.42282039
"431",0.44415912
"432",0.44652066
"433",0.45307493
"434",0.48481587
"435",0.47393361
"436",0.38043985
"437",0.31847346
"438",0.37683141
"439",0.48797041
"440",0.55770624
"441",0.55129242
"442",0.49029458
"443",0.44828814
"444",0.44466957
"445",0.46553642
"446",0.51762682
"447",0.5662964
"448",0.58889127
"449",0.5252679
"450",0.40700567
"451",0.41537815
"452",0.50283486
"453",0.42099592
"454",0.35403708
"455",0.31063575
"456",0.29017904
"457",0.28590009
"458",0.29501632
"459",0.30940095
"460",0.33853182
"461",0.36143947
"462",0.32007769
"463",0.26940855
"464",0.23304012
"465",0.19298208
"466",0.17927882
"467",0.207583
"468",0.28989416
"469",0.39283377
"470",0.49168089
"471",0.56207037
"472",0.5812034
"473",0.57187736
"474",0.5690794
"475",0.44186512
"476",0.44415438
"477",0.50129688
"478",0.52145731
"479",0.49956882
"480",0.46603471
"481",0.39371118
"482",0.3476277
"483",0.4085862
"484",0.5014478
"485",0.56628615
"486",0.59529072
"487",0.58467638
"488",0.54219615
"489",0.50287414
"490",0.4992657
"491",0.52037859
"492",0.55199188
"493",0.57932663
"494",0.58861178
"495",0.52251124
"496",0.41514301
"497",0.41803205
"498",0.61741781
"499",0.59218431
"500",0.46500969
"501",0.36750069
"502",0.31380582
"503",0.3114033
"504",0.32118341
"505",0.31773791
"506",0.31454113
"507",0.30793503
"508",0.3228839
"509",0.31558016
"510",0.2281004
"511",0.17330641
"512",0.17714505
"513",0.14406218
"514",0.10835955
"515",0.08061846
"516",0.08416463
"517",0.14237814
"518",0.24551487
"519",0.38995266
"520",0.49284673
"521",0.52057755
"522",0.54241341
"523",0.45597675
"524",0.45349273
"525",0.5211919
"526",0.51380759
"527",0.44381344
"528",0.39380005
"529",0.33105028
"530",0.35269225
"531",0.47410196
"532",0.5511173
"533",0.58347958
"534",0.60232908
"535",0.59870225
"536",0.57528883
"537",0.55362642
"538",0.54531103
"539",0.54894364
"540",0.57135719
"541",0.59547871
"542",0.59273922
"543",0.52048951
"544",0.4132981
"545",0.38879567
"546",0.59523112
"547",0.6137979
"548",0.56884599
"549",0.52855837
"550",0.54222089
"551",0.56197453
"552",0.44171593
"553",0.34260374
"554",0.29672244
"555",0.33154082
"556",0.36402071
"557",0.35226041
"558",0.33859864
"559",0.33551195
"560",0.34908468
"561",0.3276794
"562",0.22077431
"563",0.13049094
"564",0.14604588
"565",0.14483552
"566",0.10749649
"567",0.06158951
"568",0.01251635
"569",0.01074874
"570",0.08095014
"571",0.2421975
"572",0.39829174
"573",0.47801271
"574",0.53387439
"575",0.46934223
"576",0.44534507
"577",0.49576053
"578",0.47574025
"579",0.39658913
"580",0.35955098
"581",0.317018
"582",0.34708306
"583",0.47411436
"584",0.56048673
"585",0.58337688
"586",0.59769726
"587",0.6026209
"588",0.58768743
"589",0.57562047
"590",0.5662871
"591",0.56426328
"592",0.58725154
"593",0.60985732
"594",0.60293704
"595",0.53927118
"596",0.42392603
"597",0.36234459
"598",0.42203262
"599",0.52380842
"600",0.59389901
"601",0.56920338
"602",0.43784904
"603",0.36742976
"604",0.44655445
"605",0.53669679
"606",0.55104607
"607",0.50350583
"608",0.41888878
"609",0.33023331
"610",0.29956347
"611",0.36784634
"612",0.41464797
"613",0.38455731
"614",0.35541743
"615",0.35434806
"616",0.36504191
"617",0.34140718
"618",0.24647908
"619",0.1577501
"620",0.16729482
"621",0.17923427
"622",0.13602249
"623",0.08140322
"624",0.02751341
"625",0.01091831
"626",0.05280254
"627",0.13738488
"628",0.25325999
"629",0.39880776
"630",0.52347004
"631",0.57052171
"632",0.48419821
"633",0.44260824
"634",0.4648858
"635",0.46840635
"636",0.412352
"637",0.36641055
"638",0.3231023
"639",0.33048216
"640",0.44306335
"641",0.54763252
"642",0.57698393
"643",0.59669495
"644",0.61043751
"645",0.59759611
"646",0.58708
"647",0.57748806
"648",0.57996428
"649",0.59550506
"650",0.61079633
"651",0.60926795
"652",0.5607152
"653",0.44850293
"654",0.35982218
"655",0.40915462
"656",0.51920295
"657",0.56991619
"658",0.46674854
"659",0.27973396
"660",0.21470031
"661",0.32186902
"662",0.471641
"663",0.52352613
"664",0.46976686
"665",0.4004187
"666",0.32253593
"667",0.29841194
"668",0.36883944
"669",0.40315723
"670",0.38779238
"671",0.37521371
"672",0.36256355
"673",0.35415465
"674",0.33618647
"675",0.28786018
"676",0.24220319
"677",0.2407212
"678",0.24437444
"679",0.19995524
"680",0.13444714
"681",0.07984387
"682",0.05461179
"683",0.0525774
"684",0.05445617
"685",0.13526806
"686",0.33533844
"687",0.50871289
"688",0.56405956
"689",0.5170179
"690",0.49596843
"691",0.44586501
"692",0.43085176
"693",0.45724303
"694",0.4440968
"695",0.39773548
"696",0.36365685
"697",0.36643445
"698",0.43832326
"699",0.5182904
"700",0.55694556
"701",0.59109932
"702",0.60828096
"703",0.59297037
"704",0.57539332
"705",0.56239301
"706",0.56437451
"707",0.55846888
"708",0.56880754
"709",0.59588075
"710",0.57174301
"711",0.48537052
"712",0.39859405
"713",0.41005185
"714",0.48855031
"715",0.48584604
"716",0.33142495
"717",0.19981956
"718",0.18939912
"719",0.23291568
"720",0.34622669
"721",0.44401807
"722",0.42743888
"723",0.38813159
"724",0.32427329
"725",0.27732393
"726",0.28563398
"727",0.30419394
"728",0.35432303
"729",0.38597569
"730",0.358744
"731",0.32993424
"732",0.32465401
"733",0.33242437
"734",0.35162529
"735",0.36488295
"736",0.37722969
"737",0.32497072
"738",0.22682211
"739",0.16463721
"740",0.11681785
"741",0.06523633
"742",0.04258719
"743",0.14961526
"744",0.36429223
"745",0.51225936
"746",0.55837888
"747",0.56787348
"748",0.47134319
"749",0.48376325
"750",0.49746683
"751",0.48261294
"752",0.47085223
"753",0.47726157
"754",0.46997955
"755",0.42904845
"756",0.39568639
"757",0.43084797
"758",0.45728195
"759",0.41712788
"760",0.39715055
"761",0.42602295
"762",0.47908798
"763",0.52650803
"764",0.55310476
"765",0.58243108
"766",0.59537148
"767",0.58163685
"768",0.55505109
"769",0.51388419
"770",0.46490923
"771",0.41850331
"772",0.43286619
"773",0.47589499
"774",0.48105487
"775",0.48626819
"776",0.47496215
"777",0.44633293
"778",0.4370172
"779",0.36945939
"780",0.23091111
"781",0.18640983
"782",0.22516541
"783",0.21768181
"784",0.22825246
"785",0.30722064
"786",0.36579227
"787",0.36797413
"788",0.31984535
"789",0.28318906
"790",0.26647937
"791",0.27578643
"792",0.34541395
"793",0.3892366
"794",0.35236907
"795",0.314291
"796",0.31684619
"797",0.35193366
"798",0.42013282
"799",0.46365327
"800",0.49044859
"801",0.45251408
"802",0.32666492
"803",0.22482108
"804",0.14547443
"805",0.06636353
"806",0.06469285
"807",0.22840554
"808",0.43792427
"809",0.53408253
"810",0.56118196
"811",0.57098287
"812",0.54518342
"813",0.47141179
"814",0.43955243
"815",0.46195874
"816",0.496402
"817",0.49257237
"818",0.46761245
"819",0.46001732
"820",0.4567236
"821",0.44353905
"822",0.42281607
"823",0.43184128
"824",0.44242597
"825",0.39893308
"826",0.38827088
"827",0.45283079
"828",0.52441359
"829",0.56111264
"830",0.57449734
"831",0.58725977
"832",0.57699412
"833",0.54832977
"834",0.50787163
"835",0.44354761
"836",0.34506407
"837",0.26429832
"838",0.29158846
"839",0.36259317
"840",0.42362016
"841",0.50895607
"842",0.5432961
"843",0.4779492
"844",0.37755057
"845",0.26164228
"846",0.15923671
"847",0.13728954
"848",0.15725727
"849",0.14108449
"850",0.12350933
"851",0.19075537
"852",0.29806906
"853",0.33578098
"854",0.32558873
"855",0.34251118
"856",0.36510271
"857",0.35693809
"858",0.37840274
"859",0.40493673
"860",0.35803381
"861",0.31127939
"862",0.30896837
"863",0.34481737
"864",0.42844695
"865",0.4777092
"866",0.50283563
"867",0.50651282
"868",0.38683662
"869",0.24677855
"870",0.1540609
"871",0.08632901
"872",0.10487998
"873",0.2700524
"874",0.46718779
"875",0.5485605
"876",0.56416559
"877",0.5746966
"878",0.58982635
"879",0.52298665
"880",0.47667691
"881",0.4827356
"882",0.51127088
"883",0.4614487
"884",0.44768423
"885",0.49032077
"886",0.51984972
"887",0.4937368
"888",0.45461497
"889",0.44915986
"890",0.45510951
"891",0.45695102
"892",0.45524287
"893",0.44526744
"894",0.41795143
"895",0.37344959
"896",0.37879497
"897",0.45140678
"898",0.51524991
"899",0.54008138
"900",0.55990756
"901",0.5589186
"902",0.5077793
"903",0.48227444
"904",0.47239822
"905",0.4361257
"906",0.34524488
"907",0.23986766
"908",0.25293997
"909",0.35952494
"910",0.48585838
"911",0.57122791
"912",0.56831706
"913",0.48497027
"914",0.34727809
"915",0.20018847
"916",0.10216935
"917",0.06206101
"918",0.03801261
"919",0.02243804
"920",0.04696365
"921",0.14372352
"922",0.26505795
"923",0.33768234
"924",0.36010471
"925",0.38768348
"926",0.43773422
"927",0.42438683
"928",0.41103959
"929",0.43254548
"930",0.39371225
"931",0.33920479
"932",0.32057109
"933",0.35251802
"934",0.44178832
"935",0.48919225
"936",0.50776041
"937",0.53417063
"938",0.44549477
"939",0.31006816
"940",0.23074596
"941",0.18756825
"942",0.18703803
"943",0.28358346
"944",0.44568789
"945",0.53871667
"946",0.55466592
"947",0.56915736
"948",0.58814096
"949",0.56144994
"950",0.51861942
"951",0.47052857
"952",0.44797188
"953",0.45399347
"954",0.47581026
"955",0.50073963
"956",0.53106982
"957",0.48338816
"958",0.44958901
"959",0.46850723
"960",0.50132877
"961",0.48443052
"962",0.41988137
"963",0.38107288
"964",0.38590428
"965",0.39536685
"966",0.40378505
"967",0.4088577
"968",0.3999297
"969",0.3773562
"970",0.36053175
"971",0.37618911
"972",0.41037405
"973",0.44164938
"974",0.47039172
"975",0.49632353
"976",0.48571754
"977",0.45898414
"978",0.48492703
"979",0.51085031
"980",0.50543493
"981",0.43073052
"982",0.29721373
"983",0.26108539
"984",0.36175925
"985",0.50664794
"986",0.56955278
"987",0.55061048
"988",0.50035
"989",0.37591088
"990",0.20022419
"991",0.08200789
"992",0.04052012
"993",0.0169727
"994",0.02527419
"995",0.0926015
"996",0.20545571
"997",0.32372519
"998",0.39963278
"999",0.39910859
"1000",0.40266588
"1001",0.45018259
"1002",0.42167729
"1003",0.39034715
"1004",0.43148607
"1005",0.43775505
"1006",0.3975426
"1007",0.36803547
"1008",0.3907508
"1009",0.47075728
"1010",0.51588923
"1011",0.52889103
"1012",0.56274384
"1013",0.53296047
"1014",0.44036773
"1015",0.37065914
"1016",0.33026999
"1017",0.30854702
"1018",0.35284328
"1019",0.46130598
"1020",0.53942025
"1021",0.5534637
"1022",0.55950642
"1023",0.57395101
"1024",0.58297127
"1025",0.55514729
"1026",0.52370262
"1027",0.50543863
"1028",0.48672584
"1029",0.46772894
"1030",0.45348984
"1031",0.44817385
"1032",0.47052494
"1033",0.50314373
"1034",0.51560897
"1035",0.51251113
"1036",0.51376337
"1037",0.50183654
"1038",0.46992475
"1039",0.46506891
"1040",0.47331619
"1041",0.45134059
"1042",0.39594126
"1043",0.33554527
"1044",0.31309411
"1045",0.31015378
"1046",0.30573267
"1047",0.32435149
"1048",0.34303522
"1049",0.33267373
"1050",0.32508957
"1051",0.33577332
"1052",0.34250361
"1053",0.35855427
"1054",0.39810795
"1055",0.43333328
"1056",0.44906133
"1057",0.46520132
"1058",0.49466902
"1059",0.51980376
"1060",0.52607852
"1061",0.54166955
"1062",0.51289952
"1063",0.38937521
"1064",0.3038274
"1065",0.35858038
"1066",0.47307131
"1067",0.50690091
"1068",0.49945378
"1069",0.49525487
"1070",0.40330067
"1071",0.24523619
"1072",0.13740383
"1073",0.10321088
"1074",0.10292114
"1075",0.1512513
"1076",0.23850504
"1077",0.33303607
"1078",0.40821502
"1079",0.42282537
"1080",0.38813379
"1081",0.40536276
"1082",0.45048058
"1083",0.40408379
"1084",0.36290109
"1085",0.42019102
"1086",0.47799271
"1087",0.54775077
"1088",0.58109593
"1089",0.59267479
"1090",0.5518114
"1091",0.498642
"1092",0.45504403
"1093",0.43280321
"1094",0.46455151
"1095",0.52313119
"1096",0.55425876
"1097",0.55532515
"1098",0.55708194
"1099",0.56810594
"1100",0.59240544
"1101",0.5807808
"1102",0.55165714
"1103",0.51381218
"1104",0.50035238
"1105",0.51363057
"1106",0.5259648
"1107",0.51589572
"1108",0.49584937
"1109",0.48174009
"1110",0.4790881
"1111",0.47739354
"1112",0.47336
"1113",0.47566801
"1114",0.4833065
"1115",0.48577926
"1116",0.47295046
"1117",0.42624208
"1118",0.36369899
"1119",0.32194144
"1120",0.29078978
"1121",0.27310356
"1122",0.25725159
"1123",0.26224688
"1124",0.30093643
"1125",0.32399422
"1126",0.31275338
"1127",0.29883188
"1128",0.30230913
"1129",0.31405127
"1130",0.35261527
"1131",0.40580696
"1132",0.42830426
"1133",0.44160831
"1134",0.49343213
"1135",0.5328052
"1136",0.51661837
"1137",0.49081445
"1138",0.50930303
"1139",0.54315418
"1140",0.49631938
"1141",0.40112436
"1142",0.38896507
"1143",0.45252621
"1144",0.47031254
"1145",0.46306869
"1146",0.45115525
"1147",0.38839447
"1148",0.31742367
"1149",0.26691285
"1150",0.23269728
"1151",0.23288296
"1152",0.27729326
"1153",0.33074126
"1154",0.37932849
"1155",0.40499598
"1156",0.37888235
"1157",0.3770251
"1158",0.44649515
"1159",0.48289081
"1160",0.44921482
"1161",0.43367013
"1162",0.47613996
"1163",0.58312714
"1164",0.60579473
"1165",0.59223872
"1166",0.57335055
"1167",0.54633671
"1168",0.5223223
"1169",0.53584832
"1170",0.55484134
"1171",0.5609045
"1172",0.55783236
"1173",0.55612642
"1174",0.61023062
"1175",0.60844743
"1176",0.60374755
"1177",0.58176547
"1178",0.53575462
"1179",0.4949998
"1180",0.4951351
"1181",0.5170728
"1182",0.53944051
"1183",0.55234933
"1184",0.53792
"1185",0.50810474
"1186",0.47278306
"1187",0.44813269
"1188",0.44809124
"1189",0.4707194
"1190",0.48625425
"1191",0.44614148
"1192",0.35927054
"1193",0.28983974
"1194",0.27131376
"1195",0.25860634
"1196",0.24484926
"1197",0.23517548
"1198",0.25899616
"1199",0.31415176
"1200",0.32819748
"1201",0.32490936
"1202",0.33587265
"1203",0.33972424
"1204",0.35550898
"1205",0.39464813
"1206",0.42310593
"1207",0.43513674
"1208",0.46944132
"1209",0.52804852
"1210",0.55304897
"1211",0.52107662
"1212",0.47827515
"1213",0.47519264
"1214",0.51781237
"1215",0.53946942
"1216",0.49353227
"1217",0.45169586
"1218",0.45640558
"1219",0.45250559
"1220",0.43167758
"1221",0.4017981
"1222",0.36465874
"1223",0.34396547
"1224",0.32638866
"1225",0.30567011
"1226",0.30128971
"1227",0.31326541
"1228",0.32781827
"1229",0.34675339
"1230",0.36138254
"1231",0.36117887
"1232",0.40177467
"1233",0.48183623
"1234",0.5151599
"1235",0.5150435
"1236",0.52512538
"1237",0.55209565
"1238",0.57749462
"1239",0.58830124
"1240",0.58579904
"1241",0.58138639
"1242",0.55622429
"1243",0.53638333
"1244",0.53751999
"1245",0.54147732
"1246",0.55223447
"1247",0.54586208
"1248",0.50494993
"1249",0.48419943
"1250",0.49892911
"1251",0.53427798
"1252",0.53760809
"1253",0.4909642
"1254",0.4313232
"1255",0.40136644
"1256",0.40725955
"1257",0.42978051
"1258",0.43786389
"1259",0.40158471
"1260",0.32819542
"1261",0.26131251
"1262",0.24360317
"1263",0.24594051
"1264",0.24940728
"1265",0.24642214
"1266",0.23855673
"1267",0.27036572
"1268",0.30474624
"1269",0.35138276
"1270",0.40477049
"1271",0.39071134
"1272",0.37167034
"1273",0.41242033
"1274",0.45320499
"1275",0.47885209
"1276",0.52227628
"1277",0.55849582
"1278",0.56101805
"1279",0.5406304
"1280",0.51092821
"1281",0.4955157
"1282",0.51054114
"1283",0.5360018
"1284",0.5366357
"1285",0.51054645
"1286",0.47360045
"1287",0.43344787
"1288",0.40968016
"1289",0.39534026
"1290",0.37540737
"1291",0.33645114
"1292",0.30206159
"1293",0.29470262
"1294",0.29949489
"1295",0.31170532
"1296",0.32102254
"1297",0.32981271
"1298",0.35132971
"1299",0.37967393
"1300",0.40202895
"1301",0.43814257
"1302",0.48952284
"1303",0.52058923
"1304",0.54800987
"1305",0.58851033
"1306",0.57817608
"1307",0.54934055
"1308",0.53863817
"1309",0.52769208
"1310",0.49875206
"1311",0.50310731
"1312",0.52102405
"1313",0.53156561
"1314",0.55628949
"1315",0.50509763
"1316",0.48194203
"1317",0.50552046
"1318",0.50862497
"1319",0.44500065
"1320",0.37407532
"1321",0.35118192
"1322",0.35301021
"1323",0.36054191
"1324",0.36126649
"1325",0.33776301
"1326",0.29835927
"1327",0.26583785
"1328",0.26194692
"1329",0.27250901
"1330",0.28052524
"1331",0.26919785
"1332",0.22669071
"1333",0.22471184
"1334",0.3040472
"1335",0.42077595
"1336",0.46642008
"1337",0.39281181
"1338",0.32403293
"1339",0.35303757
"1340",0.43123955
"1341",0.49643728
"1342",0.53084421
"1343",0.54757673
"1344",0.56461728
"1345",0.54718941
"1346",0.53017664
"1347",0.51059514
"1348",0.51591831
"1349",0.53887826
"1350",0.51256633
"1351",0.44737849
"1352",0.41811025
"1353",0.41883937
"1354",0.40098712
"1355",0.34211072
"1356",0.29626572
"1357",0.29420006
"1358",0.31138423
"1359",0.33863625
"1360",0.35041171
"1361",0.34769323
"1362",0.37120721
"1363",0.4184522
"1364",0.42408547
"1365",0.39929855
"1366",0.42314988
"1367",0.48914471
"1368",0.55865318
"1369",0.60833347
"1370",0.54880595
"1371",0.50778502
"1372",0.48078239
"1373",0.4774321
"1374",0.55906051
"1375",0.5089249
"1376",0.49060896
"1377",0.48488769
"1378",0.44451314
"1379",0.37686568
"1380",0.33747351
"1381",0.32174963
"1382",0.3102268
"1383",0.30268863
"1384",0.28940946
"1385",0.27696234
"1386",0.28528836
"1387",0.29542845
"1388",0.30114841
"1389",0.30613559
"1390",0.28835076
"1391",0.24270074
"1392",0.24157272
"1393",0.3589966
"1394",0.49495134
"1395",0.51228708
"1396",0.43700558
"1397",0.36196876
"1398",0.33387938
"1399",0.37618431
"1400",0.46397305
"1401",0.52733827
"1402",0.56117159
"1403",0.50598055
"1404",0.48888123
"1405",0.53820354
"1406",0.55095929
"1407",0.49804491
"1408",0.44669339
"1409",0.42190543
"1410",0.38903436
"1411",0.33016199
"1412",0.29038391
"1413",0.30090964
"1414",0.33359128
"1415",0.36342025
"1416",0.3742336
"1417",0.36861333
"1418",0.40367171
"1419",0.47017774
"1420",0.49283409
"1421",0.43984058
"1422",0.38723302
"1423",0.44970268
"1424",0.5595566
"1425",0.61486048
"1426",0.5345422
"1427",0.49815351
"1428",0.49849698
"1429",0.49614158
"1430",0.43970591
"1431",0.38154483
"1432",0.34871116
"1433",0.31143123
"1434",0.28427002
"1435",0.27578142
"1436",0.2819612
"1437",0.29896975
"1438",0.301516
"1439",0.30245078
"1440",0.30537957
"1441",0.28718364
"1442",0.26042128
"1443",0.30348194
"1444",0.43385175
"1445",0.52700859
"1446",0.53277433
"1447",0.49973106
"1448",0.4509334
"1449",0.38868687
"1450",0.35981691
"1451",0.41890928
"1452",0.52095902
"1453",0.53761065
"1454",0.4967519
"1455",0.52813387
"1456",0.48839065
"1457",0.42899656
"1458",0.3873623
"1459",0.34042242
"1460",0.29746169
"1461",0.27918175
"1462",0.2775813
"1463",0.29746503
"1464",0.33682773
"1465",0.38037443
"1466",0.44141981
"1467",0.50602812
"1468",0.54286355
"1469",0.52393037
"1470",0.44918057
"1471",0.42748415
"1472",0.51218873
"1473",0.60046721
"1474",0.62352681
"1475",0.54404098
"1476",0.50248224
"1477",0.50667322
"1478",0.53534245
"1479",0.52086115
"1480",0.47649264
"1481",0.42902124
"1482",0.36979896
"1483",0.31808293
"1484",0.28024477
"1485",0.26795736
"1486",0.28552687
"1487",0.29691347
"1488",0.29625142
"1489",0.29000735
"1490",0.26577342
"1491",0.26695076
"1492",0.3566404
"1493",0.46980879
"1494",0.51389402
"1495",0.51731884
"1496",0.51249164
"1497",0.48485258
"1498",0.43624276
"1499",0.39374265
"1500",0.39351842
"1501",0.45530745
"1502",0.54906046
"1503",0.56352299
"1504",0.50009114
"1505",0.50140071
"1506",0.54347104
"1507",0.50119776
"1508",0.44027108
"1509",0.40658307
"1510",0.38084528
"1511",0.35177216
"1512",0.31799707
"1513",0.27282584
"1514",0.24764325
"1515",0.28986028
"1516",0.3809374
"1517",0.46426934
"1518",0.52653885
"1519",0.55773699
"1520",0.56835347
"1521",0.55288416
"1522",0.49835065
"1523",0.49535063
"1524",0.57145131
"1525",0.62196475
"1526",0.56241858
"1527",0.51384699
"1528",0.49530905
"1529",0.51485926
"1530",0.53625643
"1531",0.52911133
"1532",0.4877046
"1533",0.43620524
"1534",0.38733599
"1535",0.31249475
"1536",0.24809533
"1537",0.2645911
"1538",0.30674264
"1539",0.31536248
"1540",0.29652232
"1541",0.25786921
"1542",0.28332427
"1543",0.37726384
"1544",0.42814919
"1545",0.4257265
"1546",0.43326506
"1547",0.45587233
"1548",0.45717928
"1549",0.44434008
"1550",0.4342792
"1551",0.41325957
"1552",0.40812218
"1553",0.47102562
"1554",0.56286138
"1555",0.49669164
"1556",0.4533653
"1557",0.48922569
"1558",0.49672177
"1559",0.43766055
"1560",0.40824768
"1561",0.41859242
"1562",0.43994236
"1563",0.44927815
"1564",0.42326301
"1565",0.35752204
"1566",0.3357276
"1567",0.40371123
"1568",0.48508912
"1569",0.53852779
"1570",0.55940634
"1571",0.5692665
"1572",0.58618045
"1573",0.5682174
"1574",0.53167355
"1575",0.5585857
"1576",0.60774499
"1577",0.55170649
"1578",0.51272744
"1579",0.49249363
"1580",0.49773815
"1581",0.50641352
"1582",0.48686111
"1583",0.46067771
"1584",0.43605191
"1585",0.35608941
"1586",0.24343665
"1587",0.22845079
"1588",0.29374301
"1589",0.33038107
"1590",0.30944842
"1591",0.2872566
"1592",0.34865394
"1593",0.42471832
"1594",0.41428307
"1595",0.36142296
"1596",0.33781162
"1597",0.34761468
"1598",0.3595635
"1599",0.37852275
"1600",0.41252556
"1601",0.42903781
"1602",0.42789435
"1603",0.44417593
"1604",0.49650577
"1605",0.50969535
"1606",0.42060453
"1607",0.4198181
"1608",0.47432908
"1609",0.46390909
"1610",0.49472407
"1611",0.45030135
"1612",0.4704358
"1613",0.52665585
"1614",0.56795871
"1615",0.59444445
"1616",0.52962923
"1617",0.5020504
"1618",0.47988552
"1619",0.4656257
"1620",0.45848882
"1621",0.44835797
"1622",0.38727248
"1623",0.25496274
"1624",0.18524538
"1625",0.24042338
"1626",0.30234843
"1627",0.3019124
"1628",0.31138554
"1629",0.3934083
"1630",0.47727871
"1631",0.48576525
"1632",0.44137928
"1633",0.38494575
"1634",0.33898088
"1635",0.31658092
"1636",0.33212522
"1637",0.37563404
"1638",0.40886778
"1639",0.42458627
"1640",0.42757553
"1641",0.44390643
"1642",0.43547589
"1643",0.39098102
"1644",0.46059793
"1645",0.54338038
"1646",0.5101825
"1647",0.48817822
"1648",0.50117964
"1649",0.53203297
"1650",0.51726013
"1651",0.50488102
"1652",0.51486069
"1653",0.53737491
"1654",0.48221624
"1655",0.45333719
"1656",0.45155644
"1657",0.45596281
"1658",0.42381617
"1659",0.30778563
"1660",0.1973678
"1661",0.20906712
"1662",0.27264863
"1663",0.29826808
"1664",0.31229165
"1665",0.36422858
"1666",0.4517003
"1667",0.51608735
"1668",0.53405529
"1669",0.51041889
"1670",0.45174605
"1671",0.39327303
"1672",0.37895143
"1673",0.40328738
"1674",0.43533272
"1675",0.45896587
"1676",0.4660216
"1677",0.47411302
"1678",0.49328169
"1679",0.42625263
"1680",0.4588013
"1681",0.49751246
"1682",0.46063042
"1683",0.45047063
"1684",0.4618113
"1685",0.47482768
"1686",0.47872266
"1687",0.4832392
"1688",0.47558436
"1689",0.44972214
"1690",0.43402198
"1691",0.44802856
"1692",0.49405324
"1693",0.4494907
"1694",0.45007351
"1695",0.47353551
"1696",0.45862791
"1697",0.369221
"1698",0.25657788
"1699",0.23440839
"1700",0.28424883
"1701",0.31144384
"1702",0.31055427
"1703",0.32009265
"1704",0.37796661
"1705",0.46803552
"1706",0.5362193
"1707",0.56151098
"1708",0.53684098
"1709",0.47094685
"1710",0.43147421
"1711",0.45451587
"1712",0.50357562
"1713",0.54533482
"1714",0.48396164
"1715",0.46555215
"1716",0.50379109
"1717",0.49713978
"1718",0.45072213
"1719",0.45250615
"1720",0.47733369
"1721",0.48906085
"1722",0.48349136
"1723",0.47275496
"1724",0.47017366
"1725",0.4600721
"1726",0.43332633
"1727",0.40635961
"1728",0.42913243
"1729",0.50719076
"1730",0.46705386
"1731",0.47294211
"1732",0.48164418
"1733",0.44666171
"1734",0.37174398
"1735",0.29562896
"1736",0.28506538
"1737",0.31958142
"1738",0.33108753
"1739",0.31262958
"1740",0.29688108
"1741",0.31771809
"1742",0.39562213
"1743",0.48927265
"1744",0.54788595
"1745",0.5366717
"1746",0.46533385
"1747",0.42208523
"1748",0.49019101
"1749",0.48120233
"1750",0.489768
"1751",0.45954952
"1752",0.45098701
"1753",0.45403284
"1754",0.40745941
"1755",0.53945577
"1756",0.52237558
"1757",0.49622938
"1758",0.49667379
"1759",0.46100941
"1760",0.39734516
"1761",0.33217853
"1762",0.30039307
"1763",0.3115361
"1764",0.32646281
"1765",0.33472154
"1766",0.31590211
"1767",0.29677492
"1768",0.2993139
"1769",0.33808625
"1770",0.41297078
"1771",0.47865713
"1772",0.46785972
"1773",0.40322921
"1774",0.38365522
"1775",0.43469536
"1776",0.54768252
"1777",0.50028926
"1778",0.47157508
"1779",0.45307198
"1780",0.49396083
"1781",0.44993123
"1782",0.40376648
"1783",0.54819429
"1784",0.5225659
"1785",0.49375263
"1786",0.47247314
"1787",0.42172536
"1788",0.35787407
"1789",0.30316272
"1790",0.30788282
"1791",0.31182104
"1792",0.28270325
"1793",0.29348814
"1794",0.30810758
"1795",0.31757909
"1796",0.32115158
"1797",0.33048904
"1798",0.36680248
"1799",0.40124863
"1800",0.40008157
"1801",0.37106287
"1802",0.36804587
"1803",0.41400746
"1804",0.55676585
"1805",0.51745766
"1806",0.51319754
"1807",0.51812649
"1808",0.42189845
"1809",0.39884454
"1810",0.54040807
"1811",0.50316447
"1812",0.45951515
"1813",0.42009726
"1814",0.38913089
"1815",0.34871334
"1816",0.30068329
"1817",0.3107793
"1818",0.29844624
"1819",0.25305507
"1820",0.31242949
"1821",0.38991556
"1822",0.40229881
"1823",0.38806063
"1824",0.37314495
"1825",0.35471973
"1826",0.35029951
"1827",0.38254401
"1828",0.3887918
"1829",0.36913639
"1830",0.38368237
"1831",0.49414748
"1832",0.40095305
"1833",0.39950013
"1834",0.52919668
"1835",0.49354759
"1836",0.45521516
"1837",0.41901278
"1838",0.38949993
"1839",0.35528103
"1840",0.30631816
"1841",0.29990315
"1842",0.29728639
"1843",0.30346635
"1844",0.41256705
"1845",0.49831533
"1846",0.48096853
"1847",0.44589883
"1848",0.40958554
"1849",0.33670625
"1850",0.30498818
"1851",0.37280568
"1852",0.40980729
"1853",0.37591824
"1854",0.36382324
"1855",0.41122314
"1856",0.49032146
"1857",0.40310284
"1858",0.52764875
"1859",0.4978866
"1860",0.48723814
"1861",0.46029589
"1862",0.40803406
"1863",0.35979241
"1864",0.3097716
"1865",0.30035558
"1866",0.32543257
"1867",0.36965761
"1868",0.45418978
"1869",0.51010406
"1870",0.4863492
"1871",0.43685016
"1872",0.39238903
"1873",0.31546926
"1874",0.27963302
"1875",0.35508281
"1876",0.41819534
"1877",0.4035655
"1878",0.38042465
"1879",0.39249808
"1880",0.44257537
"1881",0.49056599
"1882",0.40457112
"1883",0.5461002
"1884",0.51482606
"1885",0.49800977
"1886",0.50992203
"1887",0.47282431
"1888",0.40543118
"1889",0.35503069
"1890",0.31752619
"1891",0.33236584
"1892",0.37492454
"1893",0.42577198
"1894",0.49359217
"1895",0.53932506
"1896",0.50031006
"1897",0.42265752
"1898",0.37501416
"1899",0.33230287
"1900",0.31408942
"1901",0.35198286
"1902",0.39860544
"1903",0.40313327
"1904",0.38259602
"1905",0.37337238
"1906",0.410831
"1907",0.55459058
"1908",0.47937414
"1909",0.3998265
"1910",0.50579274
"1911",0.51877838
"1912",0.51294637
"1913",0.48893833
"1914",0.49891099
"1915",0.51700455
"1916",0.46592918
"1917",0.41101915
"1918",0.36650267
"1919",0.36779216
"1920",0.44049335
"1921",0.49307194
"1922",0.53254896
"1923",0.57289422
"1924",0.579624
"1925",0.5085333
"1926",0.42544103
"1927",0.39474478
"1928",0.39038405
"1929",0.38520613
"1930",0.37674007
"1931",0.37421134
"1932",0.36766931
"1933",0.36744007
"1934",0.38042977
"1935",0.406178
"1936",0.45968005
"1937",0.5435909
"1938",0.47339228
"1939",0.41216123
"1940",0.44344896
"1941",0.39747819
"1942",0.40635043
"1943",0.44192144
"1944",0.47115603
"1945",0.50111288
"1946",0.50233644
"1947",0.45559195
"1948",0.42132673
"1949",0.38983572
"1950",0.44582349
"1951",0.55536038
"1952",0.58949435
"1953",0.5976339
"1954",0.59016287
"1955",0.55073386
"1956",0.47991329
"1957",0.43066043
"1958",0.4195784
"1959",0.44153363
"1960",0.45533749
"1961",0.43575495
"1962",0.39978793
"1963",0.37275133
"1964",0.37966299
"1965",0.38764882
"1966",0.38832709
"1967",0.40234151
"1968",0.53626412
"1969",0.47812927
"1970",0.44601378
"1971",0.40919876
"1972",0.317911
"1973",0.30288154
"1974",0.34732533
"1975",0.42022669
"1976",0.46251997
"1977",0.45394468
"1978",0.42104423
"1979",0.38016325
"1980",0.36917531
"1981",0.46995524
"1982",0.56756365
"1983",0.56792897
"1984",0.55756944
"1985",0.5412122
"1986",0.50848633
"1987",0.47216997
"1988",0.44603381
"1989",0.43634385
"1990",0.47701487
"1991",0.51986039
"1992",0.50209343
"1993",0.45663369
"1994",0.42652455
"1995",0.41092277
"1996",0.39038715
"1997",0.38002869
"1998",0.37361634
"1999",0.53961557
"2000",0.49043435
"2001",0.46170828
"2002",0.51231891
"2003",0.50845671
"2004",0.50451547
"2005",0.51654422
"2006",0.54366666
"2007",0.54903817
"2008",0.54412121
"2009",0.52804399
"2010",0.46790993
"2011",0.37682959
"2012",0.31586179
"2013",0.30506966
"2014",0.30705795
"2015",0.33183578
"2016",0.36117667
"2017",0.36114949
"2018",0.33508545
"2019",0.29088828
"2020",0.32736656
"2021",0.46168473
"2022",0.5359695
"2023",0.52771473
"2024",0.5209977
"2025",0.52557898
"2026",0.51506913
"2027",0.46919906
"2028",0.43656904
"2029",0.46128136
"2030",0.5272063
"2031",0.54230356
"2032",0.51033539
"2033",0.49862444
"2034",0.47286165
"2035",0.420046
"2036",0.38499188
"2037",0.36669698
"2038",0.40242159
"2039",0.55201393
"2040",0.48916763
"2041",0.4250434
"2042",0.51856071
"2043",0.4863086
"2044",0.47086611
"2045",0.47229236
"2046",0.49050692
"2047",0.50773489
"2048",0.49409994
"2049",0.46999794
"2050",0.43540886
"2051",0.39174059
"2052",0.35152483
"2053",0.32395226
"2054",0.32653677
"2055",0.31957406
"2056",0.29962197
"2057",0.29269376
"2058",0.29149374
"2059",0.28180647
"2060",0.27223095
"2061",0.35579944
"2062",0.48807868
"2063",0.53250098
"2064",0.53221041
"2065",0.55302078
"2066",0.49431929
"2067",0.43107352
"2068",0.42098057
"2069",0.48606917
"2070",0.54489785
"2071",0.55167723
"2072",0.5613237
"2073",0.53740174
"2074",0.46040678
"2075",0.40154839
"2076",0.37684873
"2077",0.38489118
"2078",0.55943733
"2079",0.48811221
"2080",0.40101603
"2081",0.5242368
"2082",0.50225335
"2083",0.4715395
"2084",0.44249147
"2085",0.43304119
"2086",0.44504732
"2087",0.46671847
"2088",0.47603491
"2089",0.46849465
"2090",0.4503015
"2091",0.41080883
"2092",0.38219148
"2093",0.36879957
"2094",0.34092316
"2095",0.32675216
"2096",0.33125412
"2097",0.3345266
"2098",0.32881847
"2099",0.3198702
"2100",0.31708229
"2101",0.33721566
"2102",0.42091757
"2103",0.51085794
"2104",0.53058982
"2105",0.54848212
"2106",0.53342962
"2107",0.45869195
"2108",0.4147456
"2109",0.4442423
"2110",0.51855206
"2111",0.57687432
"2112",0.59851742
"2113",0.56463361
"2114",0.49827918
"2115",0.46444276
"2116",0.44249126
"2117",0.40347704
"2118",0.419842
"2119",0.57226127
"2120",0.54121202
"2121",0.51781768
"2122",0.47387791
"2123",0.43659776
"2124",0.43176034
"2125",0.42874998
"2126",0.43153632
"2127",0.44217601
"2128",0.44980884
"2129",0.46357435
"2130",0.46035954
"2131",0.42184323
"2132",0.39353845
"2133",0.38590005
"2134",0.37412044
"2135",0.36309585
"2136",0.36330652
"2137",0.38724408
"2138",0.41342604
"2139",0.40678909
"2140",0.38311735
"2141",0.38844657
"2142",0.4329026
"2143",0.4815993
"2144",0.51224846
"2145",0.52577096
"2146",0.45141241
"2147",0.42037261
"2148",0.47599125
"2149",0.56282485
"2150",0.5857119
"2151",0.5368765
"2152",0.50986844
"2153",0.49666697
"2154",0.47906536
"2155",0.52417248
"2156",0.48488912
"2157",0.44906452
"2158",0.45184794
"2159",0.45383522
"2160",0.44641063
"2161",0.43126985
"2162",0.42865962
"2163",0.45985228
"2164",0.46597466
"2165",0.42043471
"2166",0.38039795
"2167",0.37153614
"2168",0.38524657
"2169",0.39692008
"2170",0.39963606
"2171",0.43776834
"2172",0.50340009
"2173",0.5165593
"2174",0.48155794
"2175",0.46119428
"2176",0.45303759
"2177",0.4705413
"2178",0.52370453
"2179",0.57755387
"2180",0.50735849
"2181",0.4358874
"2182",0.44210282
"2183",0.50409991
"2184",0.5201813
"2185",0.49496567
"2186",0.52056503
"2187",0.56559145
"2188",0.57469589
"2189",0.52943152
"2190",0.50330424
"2191",0.47453126
"2192",0.4718855
"2193",0.47666162
"2194",0.46708274
"2195",0.43538785
"2196",0.42701682
"2197",0.45941919
"2198",0.45318869
"2199",0.38574004
"2200",0.32882854
"2201",0.32273826
"2202",0.34638876
"2203",0.36986515
"2204",0.39318824
"2205",0.45660123
"2206",0.55229884
"2207",0.53536397
"2208",0.53531224
"2209",0.55428177
"2210",0.48405266
"2211",0.44632176
"2212",0.46020931
"2213",0.47519279
"2214",0.50106859
"2215",0.52538157
"2216",0.5049358
"2217",0.48266399
"2218",0.47538286
"2219",0.46802118
"2220",0.45956919
"2221",0.44607618
"2222",0.44741756
"2223",0.46521208
"2224",0.44680876
"2225",0.37873009
"2226",0.32140508
"2227",0.31551903
"2228",0.32630768
"2229",0.33437401
"2230",0.35951069
"2231",0.42527288
"2232",0.52625299
"2233",0.53511196
"2234",0.48270473
"2235",0.47198647
"2236",0.49788043
"2237",0.5260008
"2238",0.50360131
"2239",0.47792014
"2240",0.45840892
"2241",0.44057411
"2242",0.43817475
"2243",0.4387567
"2244",0.44458306
"2245",0.45905963
"2246",0.45251867
"2247",0.41775858
"2248",0.38731769
"2249",0.37299249
"2250",0.35839021
"2251",0.34850854
"2252",0.36290646
"2253",0.40897003
"2254",0.49249971
"2255",0.57040131
"2256",0.52871507
"2257",0.51674932
"2258",0.53261238
"2259",0.50179064
"2260",0.46955371
"2261",0.43998957
"2262",0.418134
"2263",0.41650662
"2264",0.41499019
"2265",0.42561689
"2266",0.44762608
"2267",0.45821512
"2268",0.45562002
"2269",0.44388181
"2270",0.42629433
"2271",0.40834811
"2272",0.4074187
"2273",0.44137803
"2274",0.49012873
"2275",0.53678131
"2276",0.54218334
"2277",0.52646285
"2278",0.52288735
"2279",0.48725653
"2280",0.45819303
"2281",0.43212312
"2282",0.40524933
"2283",0.40273544
"2284",0.41708094
"2285",0.44145608
"2286",0.45310631
"2287",0.46507055
"2288",0.48748124
"2289",0.48616871
"2290",0.47747406
"2291",0.47077128
"2292",0.48510244
"2293",0.54576087
"2294",0.54094487
"2295",0.53926468
"2296",0.52905321
"2297",0.51680118
"2298",0.49704772
"2299",0.46873602
"2300",0.45235899
"2301",0.43740278
"2302",0.40712777
"2303",0.40178931
"2304",0.43290582
"2305",0.46141681
"2306",0.45711058
"2307",0.4657042
"2308",0.50271368
"2309",0.51589411
"2310",0.52036446
"2311",0.51992631
"2312",0.52910596
"2313",0.54582888
"2314",0.51605433
"2315",0.50698441
"2316",0.50009346
"2317",0.4930262
"2318",0.48332888
"2319",0.46915329
"2320",0.45485497
"2321",0.44301575
"2322",0.42346787
"2323",0.40997753
"2324",0.4241139
"2325",0.44789961
"2326",0.45459482
"2327",0.46951073
"2328",0.49897349
"2329",0.52133799
"2330",0.55094165
"2331",0.55909622
"2332",0.54465479
"2333",0.52874112
"2334",0.48537543
"2335",0.47780511
"2336",0.48788974
"2337",0.49722791
"2338",0.50186497
"2339",0.50263524
"2340",0.49494401
"2341",0.47501013
"2342",0.44861531
"2343",0.42182222
"2344",0.4165749
"2345",0.43894732
"2346",0.46542284
"2347",0.49151847
"2348",0.50633764
"2349",0.51955533
"2350",0.56025428
"2351",0.58034366
"2352",0.55364931
"2353",0.54433107
"2354",0.53319621
"2355",0.50134832
"2356",0.51405764
"2357",0.53997231
"2358",0.5511741
"2359",0.56995666
"2360",0.54300916
"2361",0.49012494
"2362",0.44243103
"2363",0.43240416
"2364",0.44995052
"2365",0.47231776
"2366",0.50939894
"2367",0.53341055
"2368",0.53997076
"2369",0.55441695
"2370",0.57153773
"2371",0.55601972
"2372",0.51928848
"2373",0.51865804
"2374",0.54700959
"2375",0.48591292
"2376",0.45866492
"2377",0.46366769
"2378",0.47974235
"2379",0.52328908
"2380",0.55674917
"2381",0.56073433
"2382",0.54672861
"2383",0.54971135
"2384",0.55498117
"2385",0.5145191
"2386",0.49082187
"2387",0.50377935
"2388",0.53012764
"2389",0.48818055
"2390",0.47882509
"2391",0.50646216
"2392",0.54388118
"2393",0.55401051
"2394",0.54915559
"2395",0.53430873
"2396",0.53134197
"2397",0.56068534
"2398",0.55341429
"2399",0.51318681
"2400",0.4813
"2401",0.50657344
"2402",0.4962472
"2403",0.48410571
"2404",0.51662022
"2405",0.54437953
"2406",0.53835607
"2407",0.53104413
"2408",0.52253437
"2409",0.52232826
"2410",0.55552781
"2411",0.56154835
"2412",0.5180968
"2413",0.48549023
"2414",0.51795202
"2415",0.47596833
"2416",0.46956137
"2417",0.47675756
"2418",0.50500762
"2419",0.52754289
"2420",0.52800459
"2421",0.5301643
"2422",0.52907515
"2423",0.52196515
"2424",0.51650321
"2425",0.4983398
"2426",0.48158553
"2427",0.50298387
"2428",0.56397033
"2429",0.46018031
"2430",0.45806414
"2431",0.47203413
"2432",0.4903104
"2433",0.50606453
"2434",0.51574206
"2435",0.52245253
"2436",0.51716262
"2437",0.49892521
"2438",0.47746381
"2439",0.47000694
"2440",0.49999371
"2441",0.49816531
"2442",0.47563374
"2443",0.46872878
"2444",0.47130054
"2445",0.47821462
"2446",0.4859646
"2447",0.47702003
"2448",0.45583877
"2449",0.44929078
"2450",0.4671872
"2451",0.50697136
"2452",0.52829957
"2453",0.49813533
"2454",0.48015046
"2455",0.46698114
"2456",0.45945749
"2457",0.45235026
"2458",0.43304756
"2459",0.41382435
"2460",0.41967717
"2461",0.47075477
"2462",0.55084687
"2463",0.52249497
"2464",0.50251907
"2465",0.48263034
"2466",0.45959818
"2467",0.4468537
"2468",0.43841657
"2469",0.43202448
"2470",0.43484423
"2471",0.47434038
"2472",0.52873492
"2473",0.50599903
"2474",0.49861735
"2475",0.48201522
"2476",0.48300436
"2477",0.48636425
"2478",0.46679875
"2479",0.44820786
"2480",0.44798928
"2481",0.46320671
"2482",0.47766304
"2483",0.48962861
"2484",0.54089034
"2485",0.54332709
"2486",0.52517033
"2487",0.50334686
"2488",0.5002712
"2489",0.49926522
"2490",0.50632226
"2491",0.51574737
"2492",0.4825643
"2493",0.43014193
"2494",0.39478385
"2495",0.36912712
"2496",0.36447212
"2497",0.38615566
"2498",0.42676497
"2499",0.47704667
"2500",0.5111503
"2501",0.5153082
"2502",0.51580703
"2503",0.51455516
"2504",0.49899629
"2505",0.4786078
"2506",0.46687016
"2507",0.48208281
"2508",0.49887809
"2509",0.50187534
"2510",0.50821692
"2511",0.52600324
"2512",0.53625166
"2513",0.51128817
"2514",0.49063289
"2515",0.49091107
"2516",0.48076165
"2517",0.48871395
"2518",0.47805765
"2519",0.41770998
"2520",0.37032756
"2521",0.33788013
"2522",0.31798336
"2523",0.33610761
"2524",0.37500882
"2525",0.4243854
"2526",0.4701753
"2527",0.48353636
"2528",0.48154521
"2529",0.47287622
"2530",0.44077426
"2531",0.41558358
"2532",0.42559439
"2533",0.45427507
"2534",0.4701449
"2535",0.48533109
"2536",0.52146941
"2537",0.54016393
"2538",0.51511878
"2539",0.47726268
"2540",0.47164947
"2541",0.46039137
"2542",0.46397841
"2543",0.46139762
"2544",0.41675997
"2545",0.38963899
"2546",0.37391454
"2547",0.34430137
"2548",0.36855498
"2549",0.42421094
"2550",0.46709758
"2551",0.49341574
"2552",0.49282736
"2553",0.47608551
"2554",0.43553269
"2555",0.3923085
"2556",0.39634126
"2557",0.43537095
"2558",0.46482289
"2559",0.47937408
"2560",0.49414238
"2561",0.53188396
"2562",0.55234349
"2563",0.54608828
"2564",0.51035279
"2565",0.46242476
"2566",0.4474301
"2567",0.45231983
"2568",0.46483043
"2569",0.45927691
"2570",0.41961735
"2571",0.39422834
"2572",0.39856926
"2573",0.38879344
"2574",0.4164817
"2575",0.48696411
"2576",0.52281022
"2577",0.51549858
"2578",0.49426809
"2579",0.44968185
"2580",0.36371636
"2581",0.31702307
"2582",0.37160021
"2583",0.45679876
"2584",0.50113344
"2585",0.5096097
"2586",0.50610566
"2587",0.52797717
"2588",0.55520576
"2589",0.55441797
"2590",0.55575937
"2591",0.49995038
"2592",0.4428781
"2593",0.41102445
"2594",0.41965488
"2595",0.4510158
"2596",0.46163014
"2597",0.42529997
"2598",0.38753504
"2599",0.40289494
"2600",0.43497521
"2601",0.46594372
"2602",0.51593077
"2603",0.54201984
"2604",0.52275729
"2605",0.486305
"2606",0.42339417
"2607",0.33474839
"2608",0.31147698
"2609",0.40487275
"2610",0.51102102
"2611",0.54934251
"2612",0.54206455
"2613",0.52461398
"2614",0.54320002
"2615",0.57550681
"2616",0.57715875
"2617",0.57181013
"2618",0.55925071
"2619",0.54965639
"2620",0.55633199
"2621",0.53390074
"2622",0.48115903
"2623",0.42905778
"2624",0.39615574
"2625",0.39288142
"2626",0.42256176
"2627",0.44416964
"2628",0.42944753
"2629",0.40875107
"2630",0.43196973
"2631",0.49053463
"2632",0.53975242
"2633",0.56969023
"2634",0.57092369
"2635",0.53435588
"2636",0.48334476
"2637",0.43931428
"2638",0.4156194
"2639",0.44462526
"2640",0.52551723
"2641",0.58141911
"2642",0.58580709
"2643",0.5748542
"2644",0.56189561
"2645",0.57226908
"2646",0.5891214
"2647",0.5816958
"2648",0.57959807
"2649",0.57003462
"2650",0.54351711
"2651",0.54685885
"2652",0.50709981
"2653",0.46224269
"2654",0.43227869
"2655",0.41656414
"2656",0.39525607
"2657",0.40245771
"2658",0.42109227
"2659",0.42829099
"2660",0.43595377
"2661",0.47010666
"2662",0.53199339
"2663",0.57874924
"2664",0.59495127
"2665",0.5761646
"2666",0.52123207
"2667",0.47188067
"2668",0.47163382
"2669",0.51559895
"2670",0.57179958
"2671",0.60907394
"2672",0.60583472
"2673",0.58785236
"2674",0.5838061
"2675",0.58006799
"2676",0.58013451
"2677",0.57678688
"2678",0.55910367
"2679",0.55470079
"2680",0.55878663
"2681",0.54356432
"2682",0.48194134
"2683",0.45272589
"2684",0.44237661
"2685",0.44072959
"2686",0.41445544
"2687",0.40326005
"2688",0.40497884
"2689",0.41945258
"2690",0.45244047
"2691",0.49484074
"2692",0.53712779
"2693",0.54717362
"2694",0.5439325
"2695",0.5381335
"2696",0.495579
"2697",0.45552528
"2698",0.48152438
"2699",0.55557203
"2700",0.60381514
"2701",0.60288095
"2702",0.58247018
"2703",0.56834531
"2704",0.5744127
"2705",0.58552867
"2706",0.59185743
"2707",0.58620214
"2708",0.55833316
"2709",0.54043472
"2710",0.5522064
"2711",0.4897224
"2712",0.47111878
"2713",0.47099894
"2714",0.47815385
"2715",0.47073379
"2716",0.45675835
"2717",0.4382621
"2718",0.45105624
"2719",0.49475926
"2720",0.53240508
"2721",0.53756976
"2722",0.49306092
"2723",0.47063473
"2724",0.49538228
"2725",0.48705077
"2726",0.44920212
"2727",0.48043644
"2728",0.57267666
"2729",0.60635537
"2730",0.58056277
"2731",0.57424337
"2732",0.58884954
"2733",0.60261708
"2734",0.52726758
"2735",0.51613492
"2736",0.50770754
"2737",0.51508057
"2738",0.53685242
"2739",0.55898046
"2740",0.55456454
"2741",0.53554296
"2742",0.54357558
"2743",0.57645959
"2744",0.59370458
"2745",0.56715494
"2746",0.50878501
"2747",0.47824317
"2748",0.49027425
"2749",0.49172422
"2750",0.45568284
"2751",0.48603195
"2752",0.57847607
"2753",0.60484517
"2754",0.58160549
"2755",0.5488224
"2756",0.55980265
"2757",0.56318718
"2758",0.57078928
"2759",0.59543794
"2760",0.6227172
"2761",0.62206423
"2762",0.61112511
"2763",0.61532259
"2764",0.63210785
"2765",0.63223314
"2766",0.59894782
"2767",0.55564517
"2768",0.52332973
"2769",0.50361234
"2770",0.48597756
"2771",0.45398256
"2772",0.48047689
"2773",0.56358629
"2774",0.60575318
"2775",0.58646548
"2776",0.58554006
"2777",0.61663193
"2778",0.62202895
"2779",0.62086058
"2780",0.62735724
"2781",0.63703364
"2782",0.63197339
"2783",0.623492
"2784",0.63304728
"2785",0.65131891
"2786",0.64820647
"2787",0.6137588
"2788",0.58085209
"2789",0.55842614
"2790",0.52446276
"2791",0.48305708
"2792",0.45139742
"2793",0.47422519
"2794",0.54638565
"2795",0.58485824
"2796",0.55749243
"2797",0.63613373
"2798",0.63080657
"2799",0.62634754
"2800",0.62751991
"2801",0.63133478
"2802",0.62609971
"2803",0.62468445
"2804",0.6441254
"2805",0.65821755
"2806",0.63904411
"2807",0.60268968
"2808",0.59507614
"2809",0.59206963
"2810",0.54716063
"2811",0.48968026
"2812",0.45824412
"2813",0.46621954
"2814",0.49320075
"2815",0.4949064
"2816",0.48119742
"2817",0.50955331
"2818",0.60947335
"2819",0.6149857
"2820",0.61561507
"2821",0.61615449
"2822",0.61814338
"2823",0.63066262
"2824",0.64794135
"2825",0.6382246
"2826",0.60094738
"2827",0.57214856
"2828",0.57491273
"2829",0.5684039
"2830",0.52577215
"2831",0.48121431
"2832",0.45988065
"2833",0.45654976
"2834",0.44604361
"2835",0.42505598
"2836",0.4232924
"2837",0.44686222
"2838",0.62215954
"2839",0.60640377
"2840",0.60146093
"2841",0.60634768
"2842",0.60883665
"2843",0.59407955
"2844",0.56912214
"2845",0.55395252
"2846",0.54670304
"2847",0.53186512
"2848",0.51219034
"2849",0.49428457
"2850",0.48115805
"2851",0.4657352
"2852",0.4458625
"2853",0.42257747
"2854",0.40263918
"2855",0.39436248
"2856",0.61187619
"2857",0.588328
"2858",0.57868189
"2859",0.58212614
"2860",0.517851
"2861",0.46506914
"2862",0.42526841
"2863",0.40599895
"2864",0.39681059
"2865",0.46018532
"2866",0.47464204
"2867",0.48173329
